Workbook

Sheet Dashboard
A1: THIRD-PARTY VENDOR RISK ASSESSMENT
A3: Vendor Name: | D3: Assessment Date:
A4: Industry: | D4: Assessed By:
A6: FRAMEWORK COMPLIANCE SUMMARY
A7: Framework | B7: Score | C7: Risk Level | D7: Compliant | E7: Partial | F7: Non-Compliant | G7: N/A
A8: ISO 27001 | B8: =IF(COUNTA('ISO 27001'!E3:E21)-COUNTIF('ISO 27001'!E3:E21,"N/A")=0,"-",ROUND((COUNTIF('ISO 27001'!E3:E21,"Compliant")*100+COUNTIF('ISO 27001'!E3:E21,"Partial")*50)/(COUNTA('ISO 27001'!E3:E21)-COUNTIF('ISO 27001'!E3:E21,"N/A")),0)&"%") -> - | C8: =IF(B8="-","Not Assessed",IF(VALUE(LEFT(B8,LEN(B8)-1))>=80,"Low Risk",IF(VALUE(LEFT(B8,LEN(B8)-1))>=60,"Moderate Risk",IF(VALUE(LEFT(B8,LEN(B8)-1))>=40,"High Risk","Critical Risk")))) -> Not Assessed | D8: =COUNTIF('ISO 27001'!E3:E21,"Compliant") -> 0 | E8: =COUNTIF('ISO 27001'!E3:E21,"Partial") -> 0 | F8: =COUNTIF('ISO 27001'!E3:E21,"Non-Compliant") -> 0 | G8: =COUNTIF('ISO 27001'!E3:E21,"N/A") -> 0
A9: SOC 2 | B9: =IF(COUNTA('SOC 2'!E3:E20)-COUNTIF('SOC 2'!E3:E20,"N/A")=0,"-",ROUND((COUNTIF('SOC 2'!E3:E20,"Compliant")*100+COUNTIF('SOC 2'!E3:E20,"Partial")*50)/(COUNTA('SOC 2'!E3:E20)-COUNTIF('SOC 2'!E3:E20,"N/A")),0)&"%") -> - | C9: =IF(B9="-","Not Assessed",IF(VALUE(LEFT(B9,LEN(B9)-1))>=80,"Low Risk",IF(VALUE(LEFT(B9,LEN(B9)-1))>=60,"Moderate Risk",IF(VALUE(LEFT(B9,LEN(B9)-1))>=40,"High Risk","Critical Risk")))) -> Not Assessed | D9: =COUNTIF('SOC 2'!E3:E20,"Compliant") -> 0 | E9: =COUNTIF('SOC 2'!E3:E20,"Partial") -> 0 | F9: =COUNTIF('SOC 2'!E3:E20,"Non-Compliant") -> 0 | G9: =COUNTIF('SOC 2'!E3:E20,"N/A") -> 0
A10: FedRAMP | B10: =IF(COUNTA(FedRAMP!E3:E18)-COUNTIF(FedRAMP!E3:E18,"N/A")=0,"-",ROUND((COUNTIF(FedRAMP!E3:E18,"Compliant")*100+COUNTIF(FedRAMP!E3:E18,"Partial")*50)/(COUNTA(FedRAMP!E3:E18)-COUNTIF(FedRAMP!E3:E18,"N/A")),0)&"%") -> - | C10: =IF(B10="-","Not Assessed",IF(VALUE(LEFT(B10,LEN(B10)-1))>=80,"Low Risk",IF(VALUE(LEFT(B10,LEN(B10)-1))>=60,"Moderate Risk",IF(VALUE(LEFT(B10,LEN(B10)-1))>=40,"High Risk","Critical Risk")))) -> Not Assessed | D10: =COUNTIF(FedRAMP!E3:E18,"Compliant") -> 0 | E10: =COUNTIF(FedRAMP!E3:E18,"Partial") -> 0 | F10: =COUNTIF(FedRAMP!E3:E18,"Non-Compliant") -> 0 | G10: =COUNTIF(FedRAMP!E3:E18,"N/A") -> 0
A11: GDPR | B11: =IF(COUNTA(GDPR!E3:E16)-COUNTIF(GDPR!E3:E16,"N/A")=0,"-",ROUND((COUNTIF(GDPR!E3:E16,"Compliant")*100+COUNTIF(GDPR!E3:E16,"Partial")*50)/(COUNTA(GDPR!E3:E16)-COUNTIF(GDPR!E3:E16,"N/A")),0)&"%") -> - | C11: =IF(B11="-","Not Assessed",IF(VALUE(LEFT(B11,LEN(B11)-1))>=80,"Low Risk",IF(VALUE(LEFT(B11,LEN(B11)-1))>=60,"Moderate Risk",IF(VALUE(LEFT(B11,LEN(B11)-1))>=40,"High Risk","Critical Risk")))) -> Not Assessed | D11: =COUNTIF(GDPR!E3:E16,"Compliant") -> 0 | E11: =COUNTIF(GDPR!E3:E16,"Partial") -> 0 | F11: =COUNTIF(GDPR!E3:E16,"Non-Compliant") -> 0 | G11: =COUNTIF(GDPR!E3:E16,"N/A") -> 0
A12: HIPAA | B12: =IF(COUNTA(HIPAA!E3:E18)-COUNTIF(HIPAA!E3:E18,"N/A")=0,"-",ROUND((COUNTIF(HIPAA!E3:E18,"Compliant")*100+COUNTIF(HIPAA!E3:E18,"Partial")*50)/(COUNTA(HIPAA!E3:E18)-COUNTIF(HIPAA!E3:E18,"N/A")),0)&"%") -> - | C12: =IF(B12="-","Not Assessed",IF(VALUE(LEFT(B12,LEN(B12)-1))>=80,"Low Risk",IF(VALUE(LEFT(B12,LEN(B12)-1))>=60,"Moderate Risk",IF(VALUE(LEFT(B12,LEN(B12)-1))>=40,"High Risk","Critical Risk")))) -> Not Assessed | D12: =COUNTIF(HIPAA!E3:E18,"Compliant") -> 0 | E12: =COUNTIF(HIPAA!E3:E18,"Partial") -> 0 | F12: =COUNTIF(HIPAA!E3:E18,"Non-Compliant") -> 0 | G12: =COUNTIF(HIPAA!E3:E18,"N/A") -> 0
A13: NIST CSF | B13: =IF(COUNTA('NIST CSF'!E3:E18)-COUNTIF('NIST CSF'!E3:E18,"N/A")=0,"-",ROUND((COUNTIF('NIST CSF'!E3:E18,"Compliant")*100+COUNTIF('NIST CSF'!E3:E18,"Partial")*50)/(COUNTA('NIST CSF'!E3:E18)-COUNTIF('NIST CSF'!E3:E18,"N/A")),0)&"%") -> - | C13: =IF(B13="-","Not Assessed",IF(VALUE(LEFT(B13,LEN(B13)-1))>=80,"Low Risk",IF(VALUE(LEFT(B13,LEN(B13)-1))>=60,"Moderate Risk",IF(VALUE(LEFT(B13,LEN(B13)-1))>=40,"High Risk","Critical Risk")))) -> Not Assessed | D13: =COUNTIF('NIST CSF'!E3:E18,"Compliant") -> 0 | E13: =COUNTIF('NIST CSF'!E3:E18,"Partial") -> 0 | F13: =COUNTIF('NIST CSF'!E3:E18,"Non-Compliant") -> 0 | G13: =COUNTIF('NIST CSF'!E3:E18,"N/A") -> 0
A14: PCI DSS | B14: =IF(COUNTA('PCI DSS'!E3:E14)-COUNTIF('PCI DSS'!E3:E14,"N/A")=0,"-",ROUND((COUNTIF('PCI DSS'!E3:E14,"Compliant")*100+COUNTIF('PCI DSS'!E3:E14,"Partial")*50)/(COUNTA('PCI DSS'!E3:E14)-COUNTIF('PCI DSS'!E3:E14,"N/A")),0)&"%") -> - | C14: =IF(B14="-","Not Assessed",IF(VALUE(LEFT(B14,LEN(B14)-1))>=80,"Low Risk",IF(VALUE(LEFT(B14,LEN(B14)-1))>=60,"Moderate Risk",IF(VALUE(LEFT(B14,LEN(B14)-1))>=40,"High Risk","Critical Risk")))) -> Not Assessed | D14: =COUNTIF('PCI DSS'!E3:E14,"Compliant") -> 0 | E14: =COUNTIF('PCI DSS'!E3:E14,"Partial") -> 0 | F14: =COUNTIF('PCI DSS'!E3:E14,"Non-Compliant") -> 0 | G14: =COUNTIF('PCI DSS'!E3:E14,"N/A") -> 0
A15: TSA Cyber | B15: =IF(COUNTA('TSA Cyber'!E3:E12)-COUNTIF('TSA Cyber'!E3:E12,"N/A")=0,"-",ROUND((COUNTIF('TSA Cyber'!E3:E12,"Compliant")*100+COUNTIF('TSA Cyber'!E3:E12,"Partial")*50)/(COUNTA('TSA Cyber'!E3:E12)-COUNTIF('TSA Cyber'!E3:E12,"N/A")),0)&"%") -> - | C15: =IF(B15="-","Not Assessed",IF(VALUE(LEFT(B15,LEN(B15)-1))>=80,"Low Risk",IF(VALUE(LEFT(B15,LEN(B15)-1))>=60,"Moderate Risk",IF(VALUE(LEFT(B15,LEN(B15)-1))>=40,"High Risk","Critical Risk")))) -> Not Assessed | D15: =COUNTIF('TSA Cyber'!E3:E12,"Compliant") -> 0 | E15: =COUNTIF('TSA Cyber'!E3:E12,"Partial") -> 0 | F15: =COUNTIF('TSA Cyber'!E3:E12,"Non-Compliant") -> 0 | G15: =COUNTIF('TSA Cyber'!E3:E12,"N/A") -> 0
A16: ISO 42001 | B16: =IF(COUNTA('ISO 42001'!E3:E17)-COUNTIF('ISO 42001'!E3:E17,"N/A")=0,"-",ROUND((COUNTIF('ISO 42001'!E3:E17,"Compliant")*100+COUNTIF('ISO 42001'!E3:E17,"Partial")*50)/(COUNTA('ISO 42001'!E3:E17)-COUNTIF('ISO 42001'!E3:E17,"N/A")),0)&"%") -> - | C16: =IF(B16="-","Not Assessed",IF(VALUE(LEFT(B16,LEN(B16)-1))>=80,"Low Risk",IF(VALUE(LEFT(B16,LEN(B16)-1))>=60,"Moderate Risk",IF(VALUE(LEFT(B16,LEN(B16)-1))>=40,"High Risk","Critical Risk")))) -> Not Assessed | D16: =COUNTIF('ISO 42001'!E3:E17,"Compliant") -> 0 | E16: =COUNTIF('ISO 42001'!E3:E17,"Partial") -> 0 | F16: =COUNTIF('ISO 42001'!E3:E17,"Non-Compliant") -> 0 | G16: =COUNTIF('ISO 42001'!E3:E17,"N/A") -> 0
A18: OVERALL COMPOSITE SCORE | D18: =IF((COUNTA('ISO 27001'!E3:E21)-COUNTIF('ISO 27001'!E3:E21,"N/A")+COUNTA('SOC 2'!E3:E20)-COUNTIF('SOC 2'!E3:E20,"N/A")+COUNTA(FedRAMP!E3:E18)-COUNTIF(FedRAMP!E3:E18,"N/A")+COUNTA(GDPR!E3:E16)-COUNTIF(GDPR!E3:E16,"N/A")+COUNTA(HIPAA!E3:E18)-COUNTIF(HIPAA!E3:E18,"N/A")+COUNTA('NIST CSF'!E3:E18)-COUNTIF('NIST CSF'!E3:E18,"N/A")+COUNTA('PCI DSS'!E3:E14)-COUNTIF('PCI DSS'!E3:E14,"N/A")+COUNTA('TSA Cyber'!E3:E12)-COUNTIF('TSA Cyber'!E3:E12,"N/A")+COUNTA('ISO 42001'!E3:E17)-COUNTIF('ISO 42001'!E3:E17,"N/A"))=0,"-",ROUND((D8+D9+D10+D11+D12+D13+D14+D15+D16*100+E8+E9+E10+E11+E12+E13+E14+E15+E16*50)/(COUNTA('ISO 27001'!E3:E21)-COUNTIF('ISO 27001'!E3:E21,"N/A")+COUNTA('SOC 2'!E3:E20)-COUNTIF('SOC 2'!E3:E20,"N/A")+COUNTA(FedRAMP!E3:E18)-COUNTIF(FedRAMP!E3:E18,"N/A")+COUNTA(GDPR!E3:E16)-COUNTIF(GDPR!E3:E16,"N/A")+COUNTA(HIPAA!E3:E18)-COUNTIF(HIPAA!E3:E18,"N/A")+COUNTA('NIST CSF'!E3:E18)-COUNTIF('NIST CSF'!E3:E18,"N/A")+COUNTA('PCI DSS'!E3:E14)-COUNTIF('PCI DSS'!E3:E14,"N/A")+COUNTA('TSA Cyber'!E3:E12)-COUNTIF('TSA Cyber'!E3:E12,"N/A")+COUNTA('ISO 42001'!E3:E17)-COUNTIF('ISO 42001'!E3:E17,"N/A")),0)&"%") -> -

Sheet ISO 27001
A1: ISO 27001 — Vendor Compliance Assessment
A2: Control ID | B2: Requirement | C2: Category | D2: Weight | E2: Status | F2: Evidence / Notes | G2: Gap Action
A3: A.5.1 | B3: Information security policies established and reviewed | C3: Organizational | D3: 1
A4: A.5.2 | B4: Information security roles and responsibilities defined | C4: Organizational | D4: 1
A5: A.5.7 | B5: Threat intelligence collected and analysed | C5: Organizational | D5: 1
A6: A.5.10 | B6: Acceptable use of information and assets policy | C6: Organizational | D6: 1
A7: A.5.15 | B7: Access control policy and enforcement | C7: Organizational | D7: 1
A8: A.5.19 | B8: Information security in supplier relationships | C8: Organizational | D8: 1
A9: A.5.23 | B9: Cloud services security requirements | C9: Organizational | D9: 1
A10: A.5.24 | B10: Incident management planning and preparation | C10: Organizational | D10: 1
A11: A.5.29 | B11: Business continuity — ICT readiness | C11: Organizational | D11: 1
A12: A.6.1 | B12: Personnel screening and background checks | C12: People | D12: 1
A13: A.6.3 | B13: Information security awareness and training | C13: People | D13: 1
A14: A.7.1 | B14: Physical security perimeters defined | C14: Physical | D14: 1
... A21: A.8.28 | B21: Secure coding practices enforced | C21: Technological | D21: 1
A23: SUMMARY
A24: Compliant | B24: =COUNTIF(E3:E21,"Compliant") -> 0
A25: Partial | B25: =COUNTIF(E3:E21,"Partial") -> 0
A26: Non-Compliant | B26: =COUNTIF(E3:E21,"Non-Compliant") -> 0
A27: N/A | B27: =COUNTIF(E3:E21,"N/A") -> 0
A28: Score | B28: =IF(COUNTA(E3:E21)-COUNTIF(E3:E21,"N/A")=0,"-",ROUND((COUNTIF(E3:E21,"Compliant")*100+COUNTIF(E3:E21,"Partial")*50)/(COUNTA(E3:E21)-COUNTIF(E3:E21,"N/A")),0)&"%") -> -

Sheet SOC 2
A1: SOC 2 — Vendor Compliance Assessment
A2: Control ID | B2: Requirement | C2: Category | D2: Weight | E2: Status | F2: Evidence / Notes | G2: Gap Action
A3: CC1.1 | B3: Commitment to integrity and ethical values | C3: Control Environment | D3: 1
A4: CC1.3 | B4: Board oversight of internal controls | C4: Control Environment | D4: 1
A5: CC2.1 | B5: Information quality and communication of objectives | C5: Communication | D5: 1
A6: CC3.1 | B6: Risk assessment process and identification of risks | C6: Risk Assessment | D6: 1
A7: CC3.4 | B7: Assessment of fraud risk | C7: Risk Assessment | D7: 1
A8: CC5.1 | B8: Control activities mitigate risks to acceptable levels | C8: Control Activities | D8: 1
A9: CC6.1 | B9: Logical access security — authentication and authorisation | C9: Access Controls | D9: 1
A10: CC6.3 | B10: Role-based access and least privilege | C10: Access Controls | D10: 1
A11: CC6.6 | B11: External threats — boundary protection measures | C11: Access Controls | D11: 1
A12: CC6.8 | B12: Controls to prevent or detect unauthorised software | C12: Access Controls | D12: 1
A13: CC7.1 | B13: Vulnerability and configuration management | C13: System Operations | D13: 1
A14: CC7.2 | B14: Anomaly detection and continuous monitoring | C14: System Operations | D14: 1
... A20: PI1.1 | B20: Processing integrity — accuracy and completeness | C20: Processing Integrity | D20: 1
A22: SUMMARY
A23: Compliant | B23: =COUNTIF(E3:E20,"Compliant") -> 0
A24: Partial | B24: =COUNTIF(E3:E20,"Partial") -> 0
A25: Non-Compliant | B25: =COUNTIF(E3:E20,"Non-Compliant") -> 0
A26: N/A | B26: =COUNTIF(E3:E20,"N/A") -> 0
A27: Score | B27: =IF(COUNTA(E3:E20)-COUNTIF(E3:E20,"N/A")=0,"-",ROUND((COUNTIF(E3:E20,"Compliant")*100+COUNTIF(E3:E20,"Partial")*50)/(COUNTA(E3:E20)-COUNTIF(E3:E20,"N/A")),0)&"%") -> -

Sheet FedRAMP
A1: FedRAMP — Vendor Compliance Assessment
A2: Control ID | B2: Requirement | C2: Category | D2: Weight | E2: Status | F2: Evidence / Notes | G2: Gap Action
A3: AC | B3: Access Control — IAM, RBAC, least privilege, remote access | C3: Access Control | D3: 1
A4: AT | B4: Awareness & Training — security and privacy training | C4: Awareness | D4: 1
A5: AU | B5: Audit & Accountability — logging, SIEM, audit review | C5: Audit | D5: 1
A6: CA | B6: Assessment & Authorization — ConMon, 3PAO, ATO process | C6: Assessment | D6: 1
A7: CM | B7: Configuration Management — baselines, change control | C7: Config Mgmt | D7: 1
A8: CP | B8: Contingency Planning — BCP/DR tested annually | C8: Contingency | D8: 1
A9: IA | B9: Identification & Authentication — MFA, FIPS 140-2/3 | C9: Auth | D9: 1
A10: IR | B10: Incident Response — IRP tested annually, reporting SLAs | C10: Incident | D10: 1
A11: PE | B11: Physical & Environmental — datacenter controls | C11: Physical | D11: 1
A12: PL | B12: Planning — SSP, rules of behavior | C12: Planning | D12: 1
A13: PT | B13: PII Processing & Transparency — privacy controls | C13: Privacy | D13: 1
A14: RA | B14: Risk Assessment — vulnerability scanning, MITRE ATT&CK | C14: Risk | D14: 1
... A18: SR | B18: Supply Chain Risk Management | C18: Supply Chain | D18: 1
A20: SUMMARY
A21: Compliant | B21: =COUNTIF(E3:E18,"Compliant") -> 0
A22: Partial | B22: =COUNTIF(E3:E18,"Partial") -> 0
A23: Non-Compliant | B23: =COUNTIF(E3:E18,"Non-Compliant") -> 0
A24: N/A | B24: =COUNTIF(E3:E18,"N/A") -> 0
A25: Score | B25: =IF(COUNTA(E3:E18)-COUNTIF(E3:E18,"N/A")=0,"-",ROUND((COUNTIF(E3:E18,"Compliant")*100+COUNTIF(E3:E18,"Partial")*50)/(COUNTA(E3:E18)-COUNTIF(E3:E18,"N/A")),0)&"%") -> -

Sheet GDPR
A1: GDPR — Vendor Compliance Assessment
A2: Control ID | B2: Requirement | C2: Category | D2: Weight | E2: Status | F2: Evidence / Notes | G2: Gap Action
A3: Art.5 | B3: Principles — lawfulness, fairness, transparency, minimisation | C3: Principles | D3: 1
A4: Art.6 | B4: Lawful basis for processing established and documented | C4: Lawful Basis | D4: 1
A5: Art.7 | B5: Consent — freely given, specific, informed, withdrawable | C5: Consent | D5: 1
A6: Art.12-14 | B6: Transparency — privacy notice with required information | C6: Transparency | D6: 1
A7: Art.15-22 | B7: Data subject rights — access, rectification, erasure, portability | C7: Rights | D7: 1
A8: Art.24-25 | B8: Privacy by design and by default | C8: Privacy Design | D8: 1
A9: Art.28 | B9: Processor agreements — DPA with all Art.28 clauses | C9: Processors | D9: 1
A10: Art.30 | B10: Records of processing activities (RoPA) | C10: Documentation | D10: 1
A11: Art.32 | B11: Security of processing — encryption, pseudonymisation | C11: Security | D11: 1
A12: Art.33 | B12: Breach notification to supervisory authority (72 hours) | C12: Breach | D12: 1
A13: Art.34 | B13: Breach notification to data subjects (high risk) | C13: Breach | D13: 1
A14: Art.35 | B14: DPIA for high-risk processing | C14: DPIA | D14: 1
... A16: Art.44-49 | B16: Cross-border transfer safeguards — SCCs, adequacy, BCRs | C16: Transfers | D16: 1
A18: SUMMARY
A19: Compliant | B19: =COUNTIF(E3:E16,"Compliant") -> 0
A20: Partial | B20: =COUNTIF(E3:E16,"Partial") -> 0
A21: Non-Compliant | B21: =COUNTIF(E3:E16,"Non-Compliant") -> 0
A22: N/A | B22: =COUNTIF(E3:E16,"N/A") -> 0
A23: Score | B23: =IF(COUNTA(E3:E16)-COUNTIF(E3:E16,"N/A")=0,"-",ROUND((COUNTIF(E3:E16,"Compliant")*100+COUNTIF(E3:E16,"Partial")*50)/(COUNTA(E3:E16)-COUNTIF(E3:E16,"N/A")),0)&"%") -> -

Sheet HIPAA
A1: HIPAA — Vendor Compliance Assessment
A2: Control ID | B2: Requirement | C2: Category | D2: Weight | E2: Status | F2: Evidence / Notes | G2: Gap Action
A3: §164.308(a)(1) | B3: Security management — risk analysis and risk management | C3: Administrative | D3: 1
A4: §164.308(a)(3) | B4: Workforce security — authorisation and supervision | C4: Administrative | D4: 1
A5: §164.308(a)(4) | B5: Information access management | C5: Administrative | D5: 1
A6: §164.308(a)(5) | B6: Security awareness and training programme | C6: Administrative | D6: 1
A7: §164.308(a)(6) | B7: Security incident procedures and response | C7: Administrative | D7: 1
A8: §164.308(a)(7) | B8: Contingency plan — backup, disaster recovery | C8: Administrative | D8: 1
A9: §164.308(b) | B9: Business associate contracts (BAA) | C9: Administrative | D9: 1
A10: §164.310(a) | B10: Facility access controls | C10: Physical | D10: 1
A11: §164.310(d) | B11: Device and media controls — disposal, re-use | C11: Physical | D11: 1
A12: §164.312(a) | B12: Access control — unique user IDs, auto logoff | C12: Technical | D12: 1
A13: §164.312(b) | B13: Audit controls — logging of ePHI access | C13: Technical | D13: 1
A14: §164.312(c) | B14: Integrity controls — authenticate ePHI | C14: Technical | D14: 1
... A18: §164.524 | B18: Individual right of access to PHI | C18: Privacy Rule | D18: 1
A20: SUMMARY
A21: Compliant | B21: =COUNTIF(E3:E18,"Compliant") -> 0
A22: Partial | B22: =COUNTIF(E3:E18,"Partial") -> 0
A23: Non-Compliant | B23: =COUNTIF(E3:E18,"Non-Compliant") -> 0
A24: N/A | B24: =COUNTIF(E3:E18,"N/A") -> 0
A25: Score | B25: =IF(COUNTA(E3:E18)-COUNTIF(E3:E18,"N/A")=0,"-",ROUND((COUNTIF(E3:E18,"Compliant")*100+COUNTIF(E3:E18,"Partial")*50)/(COUNTA(E3:E18)-COUNTIF(E3:E18,"N/A")),0)&"%") -> -

Sheet NIST CSF
A1: NIST CSF — Vendor Compliance Assessment
A2: Control ID | B2: Requirement | C2: Category | D2: Weight | E2: Status | F2: Evidence / Notes | G2: Gap Action
A3: GV.OC | B3: Organisational context — mission, stakeholders, legal | C3: Govern | D3: 1
A4: GV.RM | B4: Risk management strategy — appetite, tolerance | C4: Govern | D4: 1
A5: GV.RR | B5: Roles, responsibilities, and authorities | C5: Govern | D5: 1
A6: GV.SC | B6: Supply chain risk management strategy | C6: Govern | D6: 1
A7: ID.AM | B7: Asset management — hardware, software, data inventory | C7: Identify | D7: 1
A8: ID.RA | B8: Risk assessment — threats, vulnerabilities, impact | C8: Identify | D8: 1
A9: PR.AA | B9: Access control — identity, authentication, authorisation | C9: Protect | D9: 1
A10: PR.AT | B10: Awareness and training for all personnel | C10: Protect | D10: 1
A11: PR.DS | B11: Data security — at rest, in transit, integrity | C11: Protect | D11: 1
A12: PR.PS | B12: Platform security — config baselines, secure by design | C12: Protect | D12: 1
A13: PR.IR | B13: Infrastructure resilience — backups, redundancy | C13: Protect | D13: 1
A14: DE.CM | B14: Continuous monitoring — network, environment, personnel | C14: Detect | D14: 1
... A18: RC.RP | B18: Recovery plan execution — restore operations | C18: Recover | D18: 1
A20: SUMMARY
A21: Compliant | B21: =COUNTIF(E3:E18,"Compliant") -> 0
A22: Partial | B22: =COUNTIF(E3:E18,"Partial") -> 0
A23: Non-Compliant | B23: =COUNTIF(E3:E18,"Non-Compliant") -> 0
A24: N/A | B24: =COUNTIF(E3:E18,"N/A") -> 0
A25: Score | B25: =IF(COUNTA(E3:E18)-COUNTIF(E3:E18,"N/A")=0,"-",ROUND((COUNTIF(E3:E18,"Compliant")*100+COUNTIF(E3:E18,"Partial")*50)/(COUNTA(E3:E18)-COUNTIF(E3:E18,"N/A")),0)&"%") -> -

Sheet PCI DSS
A1: PCI DSS — Vendor Compliance Assessment
A2: Control ID | B2: Requirement | C2: Category | D2: Weight | E2: Status | F2: Evidence / Notes | G2: Gap Action
A3: Req 1 | B3: Network security controls (firewalls, NSCs) | C3: Secure Network | D3: 1
A4: Req 2 | B4: Secure configurations for all system components | C4: Secure Network | D4: 1
A5: Req 3 | B5: Protect stored account data (PAN encryption) | C5: Protect Data | D5: 1
A6: Req 4 | B6: Protect CHD in transit with strong cryptography | C6: Protect Data | D6: 1
A7: Req 5 | B7: Anti-malware solutions on all systems | C7: Vuln Mgmt | D7: 1
A8: Req 6 | B8: Develop and maintain secure systems and software | C8: Vuln Mgmt | D8: 1
A9: Req 7 | B9: Restrict access by business need-to-know | C9: Access Control | D9: 1
A10: Req 8 | B10: Identify users and authenticate access | C10: Access Control | D10: 1
A11: Req 9 | B11: Restrict physical access to cardholder data | C11: Access Control | D11: 1
A12: Req 10 | B12: Log and monitor all access to CHD | C12: Monitoring | D12: 1
A13: Req 11 | B13: Test security regularly (pen tests, ASV scans) | C13: Monitoring | D13: 1
A14: Req 12 | B14: Information security policies and programmes | C14: Policy | D14: 1
A16: SUMMARY
A17: Compliant | B17: =COUNTIF(E3:E14,"Compliant") -> 0
A18: Partial | B18: =COUNTIF(E3:E14,"Partial") -> 0
A19: Non-Compliant | B19: =COUNTIF(E3:E14,"Non-Compliant") -> 0
A20: N/A | B20: =COUNTIF(E3:E14,"N/A") -> 0
A21: Score | B21: =IF(COUNTA(E3:E14)-COUNTIF(E3:E14,"N/A")=0,"-",ROUND((COUNTIF(E3:E14,"Compliant")*100+COUNTIF(E3:E14,"Partial")*50)/(COUNTA(E3:E14)-COUNTIF(E3:E14,"N/A")),0)&"%") -> -

Sheet TSA Cyber
A1: TSA Cyber — Vendor Compliance Assessment
A2: Control ID | B2: Requirement | C2: Category | D2: Weight | E2: Status | F2: Evidence / Notes | G2: Gap Action
A3: CCS-1 | B3: Critical Cyber Systems identification and boundary | C3: CCS | D3: 1
A4: COORD | B4: Cybersecurity Coordinator designated 24/7 | C4: Governance | D4: 1
A5: IRP | B5: Incident response plan developed and tested | C5: Incident Response | D5: 1
A6: CISA-RPT | B6: Incident reporting to CISA within timeline | C6: Incident Response | D6: 1
A7: SEG | B7: IT/OT network segmentation | C7: Network Security | D7: 1
A8: ACCESS | B8: Access control for Critical Cyber Systems | C8: Access Control | D8: 1
A9: PATCH | B9: Continuous monitoring and patching of CCS | C9: Vulnerability Mgmt | D9: 1
A10: CIP | B10: Cybersecurity Implementation Plan developed | C10: Planning | D10: 1
A11: CAP | B11: Cybersecurity Assessment Plan — annual | C11: Assessment | D11: 1
A12: CRMP | B12: Cyber Risk Management Program — ongoing | C12: Risk Management | D12: 1
A14: SUMMARY
A15: Compliant | B15: =COUNTIF(E3:E12,"Compliant") -> 0
A16: Partial | B16: =COUNTIF(E3:E12,"Partial") -> 0
A17: Non-Compliant | B17: =COUNTIF(E3:E12,"Non-Compliant") -> 0
A18: N/A | B18: =COUNTIF(E3:E12,"N/A") -> 0
A19: Score | B19: =IF(COUNTA(E3:E12)-COUNTIF(E3:E12,"N/A")=0,"-",ROUND((COUNTIF(E3:E12,"Compliant")*100+COUNTIF(E3:E12,"Partial")*50)/(COUNTA(E3:E12)-COUNTIF(E3:E12,"N/A")),0)&"%") -> -

Sheet ISO 42001
A1: ISO 42001 — Vendor Compliance Assessment
A2: Control ID | B2: Requirement | C2: Category | D2: Weight | E2: Status | F2: Evidence / Notes | G2: Gap Action
A3: A.2.2 | B3: AI policy — responsible AI principles, scope, objectives | C3: AI Governance | D3: 1
A4: A.2.3 | B4: Roles and responsibilities for AI governance | C4: AI Governance | D4: 1
A5: A.3.2 | B5: AI risk assessment — likelihood × severity | C5: AI Risk | D5: 1
A6: A.3.3 | B6: AI system impact assessment (AISIA) | C6: AI Risk | D6: 1
A7: A.4.2 | B7: Intended purpose documented for each AI system | C7: AI Lifecycle | D7: 1
A8: A.4.5 | B8: AI system lifecycle management | C8: AI Lifecycle | D8: 1
A9: A.5.2 | B9: AI system logging and monitoring | C9: AI Operations | D9: 1
A10: A.5.4 | B10: Human oversight controls for AI decisions | C10: AI Operations | D10: 1
A11: A.6.1 | B11: Processes for responsible and ethical AI | C11: Responsible AI | D11: 1
A12: A.6.2 | B12: Transparency and explainability of AI outputs | C12: Responsible AI | D12: 1
A13: A.7.2 | B13: Data quality for training and validation data | C13: Data Governance | D13: 1
A14: A.7.4 | B14: Data provenance, lineage, and bias controls | C14: Data Governance | D14: 1
... A17: A.10.1 | B17: Stakeholder communication about AI system use | C17: Communication | D17: 1
A19: SUMMARY
A20: Compliant | B20: =COUNTIF(E3:E17,"Compliant") -> 0
A21: Partial | B21: =COUNTIF(E3:E17,"Partial") -> 0
A22: Non-Compliant | B22: =COUNTIF(E3:E17,"Non-Compliant") -> 0
A23: N/A | B23: =COUNTIF(E3:E17,"N/A") -> 0
A24: Score | B24: =IF(COUNTA(E3:E17)-COUNTIF(E3:E17,"N/A")=0,"-",ROUND((COUNTIF(E3:E17,"Compliant")*100+COUNTIF(E3:E17,"Partial")*50)/(COUNTA(E3:E17)-COUNTIF(E3:E17,"N/A")),0)&"%") -> -
